{"cameraMode":{"drawMode":0,"name":"Shaded","section":"Shading Mode"},"sceneLighting":false,"audioPlay":false,"sceneViewState":{"m_AlwaysRefresh":false,"showFog":true,"showSkybox":false,"showFlares":true,"showImageEffects":true,"showParticleSystems":true,"showVisualEffectGraphs":true,"m_FxEnabled":true},"in2DMode":false,"pivot":{"x":46.038028717041019,"y":1.5562176704406739,"z":29.658641815185548},"rotation":{"x":-0.0078095607459545139,"y":0.0035970304161310198,"z":-0.0000280643052974483,"w":-0.9999631643295288},"size":2.4998621940612795,"orthographic":false}