{"cameraMode":{"drawMode":0,"name":"Shaded","section":"Shading Mode"},"sceneLighting":true,"audioPlay":false,"sceneViewState":{"showFog":true,"showMaterialUpdate":false,"showSkybox":true,"showFlares":true,"showImageEffects":true,"showParticleSystems":true},"in2DMode":false,"pivot":{"x":127.08557891845703,"y":13.429317474365235,"z":75.1845474243164},"rotation":{"x":-0.17453379929065705,"y":0.6603415012359619,"z":-0.16181327402591706,"w":-0.7122524380683899},"size":132.8809814453125,"orthographic":false}