{"cameraMode":{"drawMode":0,"name":"Shaded","section":"Shading Mode"},"sceneLighting":false,"audioPlay":false,"sceneViewState":{"showFog":true,"showMaterialUpdate":false,"showSkybox":false,"showFlares":true,"showImageEffects":true,"showParticleSystems":true},"in2DMode":false,"pivot":{"x":211.65663146972657,"y":1.1106338500976563,"z":157.2593994140625},"rotation":{"x":-0.02789977751672268,"y":0.9719785451889038,"z":-0.1726657897233963,"w":-0.1570562869310379},"size":0.8633399605751038,"orthographic":false}